<?xml version="1.0" ?>
<manifest identifier="AK6m546ERQcXZr9-VE4PyeM6fvQ5XbLKJ2PJGV01" version="1"
  xmlns="http://www.imsproject.org/xsd/imscp_rootv1p1p2"
  xmlns:adlcp="http://www.adlnet.org/xsd/adlcp_rootv1p2"
  xmlns:xsi="http://www.w3.org/2001/XMLSchema-instance"
  xsi:schemaLocation="http://www.imsproject.org/xsd/imscp_rootv1p1p2 imscp_rootv1p1p2.xsd
                      http://www.adlnet.org/xsd/adlcp_rootv1p2 adlcp_rootv1p2.xsd">
  <metadata>
    <schema>ADL SCORM</schema>
    <schemaversion>1.2</schemaversion>
    <adlcp:location>metadata.xml</adlcp:location> 
  </metadata>
  <organizations default="articulate_rise">
      <organization identifier="articulate_rise">
      <title>Providing Constructive Feedback as a People Manager</title>
      <item identifier="i1" identifierref="r1" isvisible="true">
        <title>Providing Constructive Feedback as a People Manager</title>
        <adlcp:datafromlms>eyJjcHYiOiJKMlBKR1YwMSIsInJsZCI6ZmFsc2V9</adlcp:datafromlms>
      </item>
    </organization>
  </organizations>
  <resources>
    <resource identifier="r1" type="webcontent" adlcp:scormtype="sco" href="scormdriver/indexAPI.html">
      <!-- SCORMDRIVER STUFF -->
      <file href="scormdriver/indexAPI.html" />
      <file href="scormdriver/preloadIntegrity.js" />
      <file href="scormdriver/driverOptions.js" />
      <file href="scormdriver/AICCComm.html" />
      <file href="scormdriver/auto-scripts/AutoBookmark.js" />
      <file href="scormdriver/auto-scripts/AutoCompleteSCO.js" />
      <file href="scormdriver/auto-scripts/CourseExit.js" />
      <file href="scormdriver/blank.html" />
      <file href="scormdriver/goodbye.html" />
      <file href="scormdriver/scormdriver.js" />
      <file href="scormdriver/browsersniff.js" />

      <!-- RUNTIME COMMON STUFF -->
      <file href="scormcontent/index.html" />

      
        <file href="scormcontent/lib/fonts/icomoon.ttf"/>
        <file href="scormcontent/lib/fonts/icomoon.woff"/>

        <file href="scormcontent/lib/icomoon.css"/>
        <file href="scormcontent/lib/player-0.0.11.min.js"/>
        <file href="scormcontent/lib/lzwcompress.js"/>
      

      <!-- FRONTEND BUNDLE ASSETS -->
      <file href="scormcontent/lib/rise/f5a4afc5.js" />
<file href="scormcontent/lib/rise/2ed4ce75.css" />
<file href="scormcontent/lib/rise/ef350e12.js" />
<file href="scormcontent/lib/rise/f6b7f34e.css" />
<file href="scormcontent/lib/rise/61d641d9.js" />
<file href="scormcontent/lib/rise/51713088.js" />
<file href="scormcontent/lib/rise/be687daa.js" />
<file href="scormcontent/lib/rise/6e309c31.js" />
<file href="scormcontent/lib/rise/db85f2af.js" />
<file href="scormcontent/lib/rise/cd6561a7.js" />
<file href="scormcontent/lib/rise/4666475f.js" />
<file href="scormcontent/lib/rise/df30b989.js" />
<file href="scormcontent/lib/rise/02142a37.js" />
<file href="scormcontent/lib/rise/ccdec15f.js" />
<file href="scormcontent/lib/rise/0bcec83e.js" />
<file href="scormcontent/lib/rise/6042b8ee.js" />
<file href="scormcontent/lib/rise/7c2963ab.js" />
<file href="scormcontent/lib/learn_dist/entry.js" />
<file href="scormcontent/lib/learn_dist/5023a180.js" />
<file href="scormcontent/lib/learn_dist/14ac1003.css" />
<file href="scormcontent/lib/learn_dist/7d8ce278.js" />
<file href="scormcontent/lib/mondrian/entry.js" />
<file href="scormcontent/lib/mondrian/d7a3e0db.js" />
<file href="scormcontent/lib/mondrian/24c1912c.js" />
<file href="scormcontent/lib/mondrian/4d166c5c.js" />
<file href="scormcontent/lib/mondrian/09e37aee.js" />
<file href="scormcontent/lib/mondrian/196251cf.js" />
<file href="scormcontent/lib/sandbox/sandbox.html" />
<file href="scormcontent/lib/sandbox/d12736b8.js" />
<file href="scormcontent/lib/sandbox/4adfab46.css" />


      <!-- RUNTIME CONTENT STUFF -->
      <file href="scormcontent/lib/fonts/Lato2-Regular.woff" />
<file href="scormcontent/lib/fonts/Lato2-Light.woff" />
<file href="scormcontent/lib/fonts/Lato2-Italic.woff" />
<file href="scormcontent/lib/fonts/Lato2-Bold.woff" />
<file href="scormcontent/lib/fonts/Lato2-Black.woff" />
<file href="scormcontent/lib/fonts/Merriweather-Black.woff" />
<file href="scormcontent/lib/fonts/Merriweather-Italic.woff" />
<file href="scormcontent/lib/fonts/Merriweather-Bold.woff" />
<file href="scormcontent/lib/fonts/Merriweather-Regular.woff" />
<file href="scormcontent/lib/fonts/Merriweather-Light.woff" />
<file href="scormcontent/assets/small.png" />
<file href="scormcontent/assets/Uis1YsTHz-HGHJAq.jpg" />
<file href="scormcontent/assets/stock-image.jpg" />
<file href="scormcontent/assets/YDVdprpgHv4.jpg" />
<file href="scormcontent/assets/hotel.jpg" />
<file href="scormcontent/assets/key.jpg" />
<file href="scormcontent/assets/iBOOOP/stock-image.jpg" />
<file href="scormcontent/assets/KuJYMo/stock-image.jpg" />
<file href="scormcontent/assets/vDSzvN/stock-image.jpg" />
<file href="scormcontent/assets/HSz6ho/stock-image.jpg" />
<file href="scormcontent/assets/K92hfd/stock-image.jpg" />
<file href="scormcontent/assets/EEXHpA/mountains.jpg" />
<file href="scormcontent/assets/Emotional%20Intelligence%20Feedback%20Checklist.pdf" />
<file href="scormcontent/assets/rCyiK4aw.jpg" />
<file href="scormcontent/assets/6iVsz4JEUH64miBd_162_full.png" />
<file href="scormcontent/assets/hhqeGWgWhLfb4pvr_104_full.png" />
<file href="scormcontent/assets/vqMHJ0tAsvybDCu5_148_full.png" />
<file href="scormcontent/assets/FbTUQ3aNfxl7WjF5_171_full.png" />
<file href="scormcontent/assets/Kb08BKZSNuGxP0F3_103_full.png" />
<file href="scormcontent/assets/zasSGtvcQ2BtIlXb_151_full.png" />
<file href="scormcontent/assets/33biWJ40kWLxt5-Q_182_full.png" />
<file href="scormcontent/assets/wQ_s8F2sTN1cmB9W_160_full.png" />
<file href="scormcontent/assets/ZUqWCi4Ubqqzs04d_169_full.png" />
<file href="scormcontent/assets/IBEk95hJ-FjRuLDx_209_full.png" />
<file href="scormcontent/assets/Dr1DSH2IOKZ4qPAl_161_full.png" />
<file href="scormcontent/assets/pWSJlqx1T13kavhp_178_full.png" />

    </resource>
  </resources>
</manifest>
